{"cameraMode":{"drawMode":0,"name":"Shaded","section":"Shading Mode"},"sceneLighting":false,"audioPlay":false,"sceneViewState":{"showFog":true,"showMaterialUpdate":false,"showSkybox":false,"showFlares":true,"showImageEffects":true,"showParticleSystems":true},"in2DMode":false,"pivot":{"x":-3.27685546875,"y":0.8583984375,"z":-4.4814453125},"rotation":{"x":0.008483842946588993,"y":-0.8818149566650391,"z":0.01587444730103016,"w":0.47125184535980227},"size":2.8578836917877199,"orthographic":true}