{"cameraMode":{"drawMode":0,"name":"Shaded","section":"Shading Mode"},"sceneLighting":true,"audioPlay":false,"sceneViewState":{"showFog":true,"showMaterialUpdate":false,"showSkybox":true,"showFlares":true,"showImageEffects":true,"showParticleSystems":true},"in2DMode":false,"pivot":{"x":-0.6943359375,"y":1.7740478515625,"z":-1.115234375},"rotation":{"x":-0.048027198761701587,"y":0.9387341737747192,"z":-0.14619962871074677,"w":-0.3083784580230713},"size":6.117928981781006,"orthographic":true}