{"cameraMode":{"drawMode":0,"name":"Shaded","section":"Shading Mode"},"sceneLighting":false,"audioPlay":false,"sceneViewState":{"showFog":true,"showMaterialUpdate":false,"showSkybox":false,"showFlares":true,"showImageEffects":true,"showParticleSystems":true},"in2DMode":false,"pivot":{"x":-0.0027695894241333009,"y":0.6583961844444275,"z":0.024197518825531007},"rotation":{"x":-0.048027198761701587,"y":0.9387341737747192,"z":-0.14619962871074677,"w":-0.3083784580230713},"size":4.836701393127441,"orthographic":true}