{"cameraMode":{"drawMode":0,"name":"Shaded","section":"Shading Mode"},"sceneLighting":false,"audioPlay":false,"sceneViewState":{"showFog":true,"showMaterialUpdate":false,"showSkybox":false,"showFlares":true,"showImageEffects":true,"showParticleSystems":true},"in2DMode":false,"pivot":{"x":-2.430000066757202,"y":18.399999618530275,"z":-2.1500000953674318},"rotation":{"x":0.2290610373020172,"y":-0.5009913444519043,"z":0.13946276903152467,"w":0.8228541612625122},"size":2.8578836917877199,"orthographic":false}