{"cameraMode":{"drawMode":0,"name":"Shaded","section":"Shading Mode"},"sceneLighting":true,"audioPlay":false,"sceneViewState":{"showFog":true,"showMaterialUpdate":false,"showSkybox":true,"showFlares":true,"showImageEffects":true,"showParticleSystems":true},"in2DMode":false,"pivot":{"x":-0.06474924087524414,"y":4.653997421264648,"z":-0.09325027465820313},"rotation":{"x":-0.07178826630115509,"y":0.9087936878204346,"z":-0.17554230988025666,"w":-0.37165263295173647},"size":8.059464454650879,"orthographic":false}