{"cameraMode":{"drawMode":0,"name":"Shaded","section":"Shading Mode"},"sceneLighting":true,"audioPlay":false,"sceneViewState":{"showFog":true,"showMaterialUpdate":false,"showSkybox":true,"showFlares":true,"showImageEffects":true,"showParticleSystems":true},"in2DMode":false,"pivot":{"x":0.4190516471862793,"y":1.5319788455963135,"z":-1.8989057540893555},"rotation":{"x":0.19223043322563172,"y":-0.1232851967215538,"z":0.024350032210350038,"w":0.9732704162597656},"size":9.498008728027344,"orthographic":false}